{
    "city": 1,
    "initialStart": [
        18.03930342224768,
        59.328513892272476
    ],
    "trips": [
        [
            [
                18.03908,
                59.32854
            ],
            [
                18.03903,
                59.32843
            ],
            [
                18.03904,
                59.32835
            ],
            [
                18.0391,
                59.32825
            ],
            [
                18.03921,
                59.32816
            ],
            [
                18.03919,
                59.32812
            ],
            [
                18.0387,
                59.32819
            ],
            [
                18.03837,
                59.32754
            ],
            [
                18.03837,
                59.32746
            ],
            [
                18.03833,
                59.32733
            ],
            [
                18.03655,
                59.3276
            ],
            [
                18.03651,
                59.3276
            ],
            [
                18.03649,
                59.32759
            ],
            [
                18.03647,
                59.32756
            ],
            [
                18.03523,
                59.32777
            ],
            [
                18.03501,
                59.3278
            ],
            [
                18.03388,
                59.32795
            ],
            [
                18.03256,
                59.32816
            ],
            [
                18.03144,
                59.32828
            ],
            [
                18.03084,
                59.32832
            ],
            [
                18.02981,
                59.32845
            ],
            [
                18.02849,
                59.32868
            ],
            [
                18.02836,
                59.32871
            ],
            [
                18.02829,
                59.32864
            ],
            [
                18.02822,
                59.32857
            ],
            [
                18.02804,
                59.32844
            ],
            [
                18.02713,
                59.32788
            ],
            [
                18.02685,
                59.32766
            ],
            [
                18.02644,
                59.32729
            ],
            [
                18.02632,
                59.32719
            ],
            [
                18.02611,
                59.32701
            ],
            [
                18.02526,
                59.32655
            ],
            [
                18.02502,
                59.32649
            ],
            [
                18.02472,
                59.32644
            ],
            [
                18.02441,
                59.32642
            ],
            [
                18.02423,
                59.32654
            ],
            [
                18.02408,
                59.3266
            ],
            [
                18.02389,
                59.32673
            ],
            [
                18.02382,
                59.32686
            ],
            [
                18.02362,
                59.32708
            ],
            [
                18.02374,
                59.32713
            ],
            [
                18.0243,
                59.32667
            ],
            [
                18.02518,
                59.32598
            ],
            [
                18.0279,
                59.32373
            ],
            [
                18.02824,
                59.32343
            ],
            [
                18.02991,
                59.32204
            ],
            [
                18.02989,
                59.32204
            ],
            [
                18.02987,
                59.32203
            ],
            [
                18.02992,
                59.32197
            ],
            [
                18.02995,
                59.32193
            ],
            [
                18.02954,
                59.32169
            ],
            [
                18.02924,
                59.32158
            ],
            [
                18.02906,
                59.32147
            ],
            [
                18.02878,
                59.32145
            ],
            [
                18.02859,
                59.32146
            ],
            [
                18.02785,
                59.32141
            ],
            [
                18.02746,
                59.32138
            ],
            [
                18.02735,
                59.32136
            ],
            [
                18.02685,
                59.32135
            ],
            [
                18.02615,
                59.32133
            ],
            [
                18.02607,
                59.32133
            ],
            [
                18.02614,
                59.32087
            ],
            [
                18.02612,
                59.32064
            ]
        ],
        [
            [
                18.02612,
                59.32064
            ],
            [
                18.02608,
                59.32017
            ],
            [
                18.02603,
                59.32004
            ],
            [
                18.02621,
                59.32002
            ],
            [
                18.02693,
                59.32006
            ],
            [
                18.02694,
                59.32
            ],
            [
                18.02697,
                59.31989
            ],
            [
                18.02704,
                59.31985
            ],
            [
                18.02752,
                59.31976
            ],
            [
                18.02758,
                59.31973
            ],
            [
                18.02786,
                59.3197
            ],
            [
                18.02793,
                59.3197
            ],
            [
                18.02793,
                59.31975
            ],
            [
                18.02797,
                59.31975
            ],
            [
                18.02803,
                59.31975
            ],
            [
                18.02808,
                59.31963
            ],
            [
                18.02822,
                59.31903
            ],
            [
                18.02823,
                59.31899
            ],
            [
                18.02834,
                59.319
            ],
            [
                18.02846,
                59.31888
            ],
            [
                18.02853,
                59.31884
            ],
            [
                18.02869,
                59.31878
            ],
            [
                18.02885,
                59.3187
            ],
            [
                18.02914,
                59.31861
            ],
            [
                18.02941,
                59.31856
            ],
            [
                18.02942,
                59.31852
            ],
            [
                18.02943,
                59.3185
            ],
            [
                18.0304,
                59.31855
            ],
            [
                18.03088,
                59.31847
            ],
            [
                18.03085,
                59.31842
            ],
            [
                18.03156,
                59.31829
            ],
            [
                18.0317,
                59.31828
            ],
            [
                18.03186,
                59.31828
            ],
            [
                18.03199,
                59.3183
            ],
            [
                18.03221,
                59.3179
            ],
            [
